[{
		"id": 1,
		"title": "私信",
		"children": [{
			"id": 11,
			"avatar":"admin/images/avatar.jpg",
			"title": "收到一条私人消息",
			"context": "这是消息内容。",
			"form": "就眠仪式",
			"time": "2019-02-15"
		}, {
			"id": 12,
			"avatar":"admin/images/avatar.jpg",
			"title": "收到一条私人消息",
			"context": "这是消息内容。",
			"form": "就眠仪式",
			"time": "2019-02-15"
		}]
	},
	{
		"id": 2,
		"title": "消息",
		"children": [{
			"id": 11,
			"avatar":"admin/images/avatar.jpg",
			"title": "收到一条紧急任务",
			"context": "这是消息内容。",
			"form": "就眠仪式",
			"time": "2019-02-15"
		}, {
			"id": 12,
			"avatar":"admin/images/avatar.jpg",
			"title": "收到一条紧急任务",
			"context": "这是消息内容。",
			"form": "就眠仪式",
			"time": "2019-02-15"
		},
		{
			"id": 11,
			"avatar":"admin/images/avatar.jpg",
			"title": "收到一条紧急任务",
			"context": "这是消息内容。",
			"form": "就眠仪式",
			"time": "2019-02-15"
		}, {
			"id": 12,
			"avatar":"admin/images/avatar.jpg",
			"title": "收到一条紧急任务",
			"context": "这是消息内容。",
			"form": "就眠仪式",
			"time": "2019-02-15"
		},
		{
			"id": 11,
			"avatar":"admin/images/avatar.jpg",
			"title": "收到一条紧急任务",
			"context": "这是消息内容。",
			"form": "就眠仪式",
			"time": "2019-02-15"
		}, {
			"id": 12,
			"avatar":"admin/images/avatar.jpg",
			"title": "收到一条紧急任务",
			"context": "这是消息内容。",
			"form": "就眠仪式",
			"time": "2019-02-15"
		}]
	},
	{
		"id": 3,
		"title": "通知",
		"children": [{
			"id": 11,
			"avatar":"admin/images/avatar.jpg",
			"title": "收到一条警告通知",
			"context": "这是消息内容。",
			"form": "就眠仪式",
			"time": "2019-02-15"
		}, {
			"id": 12,
			"avatar":"admin/images/avatar.jpg",
			"title": "收到一条警告通知",
			"context": "这是消息内容。",
			"form": "就眠仪式",
			"time": "2019-02-15"
		}]
	}
]
